index,num_snp,aa_seq
0,5,PQITLWQRPIVTIKIGGQLKEALLDTGADDTVLEEMALPGRWKPKMIGGIGGFIKVRQYDQVHIEICGHKAIGTVLVGPTPVNIIGRNLLTQIGCTLNF
1,6,PQITLWQRPLVTIKIGGQLKEALLDTGADDTVLEDINLPGKWKPKMIGGIGGFIKVRQYDQIPIEICGHKAIGTVLVGPTPVNIIGRNLLTQIGCTLNF
2,12,PQITLWQRPLVTIKIGGQLKEALLDTGADDTVLEDINLPGRWKPKMIGGIGGFIKVKQYDEVPIEICGHKTVGTVLIGPTPVNIIGRNLLTQLGCTLNF
3,7,PQITLWQRPLVSIKIGGQVKEALLDTGADDTVLEEMSLPGRWKPKMIGGIGGFIKVRQYDQIPIDICGHKAIGTVLIGPTPVNIIGRNLLTQLGCTLNF
4,8,PQITLWQRPLVTIKIGGQLKEALLDTGADDTVLEDMNLPGRWKPKMIGGIGGFIKVRQYDQIPIEICGYKAVGTVLIGPTPVNIIGRNLLTQLGCTLNF
5,11,PQITLWQRPLVSIKVGGQQKEALLDTGADDTVLEEMSLPGRWKPKMIGGIGGFIKVKQYENIPIEICGHTATGTVLVGPTPVNIIGRNLLTQLGCTLNF
6,5,PQITLWQRPLVTIKIGGQQKEALLDTGADDTVLEEMSIPGRWKPKMIGGIGGFIKVRQYDQIPIEICGHKAIGTVLIGPTPVNIIGRNLLTQIGCTLNF
7,6,PQITLWQRPLVSIKIEGQLKEALLDTGADDTVLEEMSLPGRWKPKMIGGIGGFIKVRQYDQIQVEICGHKAIGTVLIGPTPVNIIGRNLLTQIGCTLNF
8,6,PQITLWQRPLVSIKIGGQLKEALLDTGADDTVLEEMNLPGRWKPKMIGGIGGFIKVRQYDQIQIEICGHKAVGTVLIGPTPVNIIGRNLLTQIGCTLNF
9,7,PQITLWQRPLVSIKIGGQLKEALLDTGADDTVLEEINLPGRWKPKMIGGIGGFIKVRQYDQIPIEICGHKAIGTVLIGPTPVNIIGRNLLTQLGCTLNF
